"","temp","phosphate","growth_daphnia","rel_growth_daphnia","growth_controls","rel_growth_controls","growth_algae","rel_growth_algae"
"1","12","DEF",14.8333333333333,1.875,132339711.09,22058983.165,154255369.535,32252159.3076984
"2","16","DEF",33.6,3.11111111111111,72569125.4833333,10820499.885,227386215.176667,74638266.2055556
"3","20","DEF",134,12.7380952380952,1208402545.52,138566519.02875,342450351.133333,95573662.4077778
"4","24","DEF",87.4,11.5333333333333,678872080.883333,78772473.34,19081355.252,2749226.84533333
"5","12","FULL",8.33333333333333,0.708333333333333,122839220.773333,18633406.4075,86422965.75,15274928.5416667
"6","16","FULL",34.8333333333333,1.85416666666667,286019638.996667,29803527.6254167,127858584.888333,41359508.0033333
"7","20","FULL",154.8,12.2142857142857,2197183308.88333,230186937.27875,296051611.453333,65993261.105
"8","24","FULL",95.3333333333333,7.60416666666667,1925962303.15667,190865322.22125,37622513.325,7822194.43708333
